Graceland|love
Graceland|wow wait year visit do not disappoint book ultimate tour first house empty except we guide quite time house elvis adore know room small thought fit amaze racquet ball course music emotional follow grave tour three hour get separate bus we guide bobby great get handle elvis cape tcb ring tour house include another two hour bobby exhibit lunch include ticket vernon nice meal break spend another hour go round everything still see negative staff indifferent friendly take shine excite visit want visit long
Graceland|love elvis even visit graceland exhibit center year old girl love go candlelight vigil also great moment memorable bucket list wish fulfil
Graceland|shoutout driver rex superstar tour confrontational aggressive tour guide
Graceland|john tour guide ultimate vip tour extremely knowledgeable elvis life career multiple story behind exhibit could not stump question archive experience close elvis personal item ie cape butterfly jumpsuit tcb ring onyx ring leather belt other beyond expectation john give we background every item take tour ask john will not disappoint excellent tour excellent tour guide
Graceland|enjoy tour parking road open minute tour time feel bit rush really enjoy walk house elvis fan still enjoy exhibit opposite ok feel like grab anything could pad exhibit glad go worth visit
Graceland|well worth hour make sure spend day see everything vip ticket well worth money
Graceland|p pbb sandwhich bacon grease money well spend wonderful visit
Graceland|also prepare pay parking get well staff
Graceland|celebrate birthday tour graceland first tour day guide john outstanding many good story knowledgeable highly recommend thank john make day special take vip tour john
Graceland|love free walkup every morning take complete tour house museum plane enjoy everything take time take photo nice love every minute
Graceland|great selfguide tour ground mansion graceland thorough tour easy maneuver get venue ton parking lot see head bus across street house sure take lot walk reading sight see see star live
Graceland|graceland mansion attraction complex interest fact fill enjoy visit great display unfortunately oversell ticket mansion tour buy ticket online avoid line choose time tour get well schedule time schedule time come wait minute could send we theater room wait long finally shuttle we mansion wait minute sun overbook tour hour later purchase time finally enter mansion acceptable elvis
Graceland|time visit graceland enjoy every time ultimate vip tour well worth cost fyi walk meditation garden allow visit grave without crowd amaze graceland
Graceland|I m big elvis fan trip tour excellent would definitely go come house garden elvis family member lay rest feel really emotional scale elvis achieve incredible museum across road also definitely worth visit graceland
Graceland|take ultimate vip tour good small group great guide do not wait line tour guide informative also get white glove experience neat tour great lunch veron smokehouse include price well worth money take ultimate vip tour
Graceland|one issue incredible amount elvis memorabillia good feel like money life contribution music charity must commericalise
Graceland|must visit location find memphis memorable experience
Memphis Zoo|kid tow go solo time around day slightly cloudy drizzly not many people help friday people workschool dinosaur exhibit open nice surprise able stroll around take time sweet relax contrast take kid haha love see exhibit animal service dog lioness try hunt crazy witness close would recommend perfect day
Memphis Zoo|live almost entire life since kid watch thing grow epic proportion give zoo excellent rating live give many zoo far good one whole american south well worth price admission lot walk big however tram ride every part park hop keeper great people scuba certification class along three need job park one girl work seal go two three time year take date family friend coworker always good time well worth trip price
Memphis Zoo|great day zoo spend five hour zoo lot see clean lot different animal many many indoor exhibit good way get heat nice zoo
National Civil Rights Museum - Lorraine Motel|worth visit fascinate museum
Sun Studio|highly recommend visit guide great love see authentic equipment legend play great experience well worth visit
Sun Studio|sun studio definitely must visit memphis josh amaze tour guide knowledgeable energetic fun would recommend ask plan visit disappoint definitely worth visit
Sun Studio|place amaze size small welcome history building owner great musician record interest tour guide josh well knowledgeable could tell much love definitely place check memphis graceland gal trip
Sun Studio|lydia awesome tour guide family travel australia see sun studio lydia funny knowledgeable tour must musician audio engineer music enthusiast musician must go
Sun Studio|visit sun studio today fantastic full interest anecdote really set we period studio heyday tour guide lydia extremely knowledgeable thank unforgettable experience must visit museum memphis
Sun Studio|tour awesome entertain informative super fun josh tour guide make unforgettable good tour memphis good memphis
Sun Studio|sun studio tour give graham tour guide fabulous first time make memorable easy go kind funny extremely knowledgeable use special effect ease sense humor get famous studio start segment tour piano play outstanding want keep play make music history come alive lastly much fun get hold one famous microphone stand history answer question fun around wan na go back another tour maybe next year thank graham god bless respectfully gino outstanding tour memphis music history
Sun Studio|graham guide fountain knowledge great repor musical detail story humour group uk great time experience must memphis visit
Sun Studio|sun studio tour fantastic josh guide incredible job bring history sun studio life tour fun informative plenty time end guest take time picture take highly recommend take tour
Sun Studio|sun studio tour fantastic learn lot thing already know cool stand time favorite artist elvis stand along great make tour even well awesome tour guide draw definitely make tour topnotch engage great personality highly recommend sun studio tour wonderful tour awesome tour guide draw
Sun Studio|arrive greate friendly staff min wait suggest couple place near kill time also souvenir shop coffee beverage bar helpful stand around graham guide right start energetic engage graham awesome guide informative tell thing display take we actual studio play piano cool talented glad highly recommend graham read rock miss visit memphis
Sun Studio|book time slot get probably good walk like busy time year love
Sun Studio|love tour tour guide graham fun informative friendly definitely recommend great thing memphis sun tour
Bass Pro Shops at the Pyramid|bass pro steroid wander around amaze shopping area stand line minute elevator observation deck aware pp charge adult less charge child well view river side deck din area po boy sandwich fry great staff gracious friendly polite big kudo toi help take food order seat bar go beyond help serve party include take many group picture like herd cat share contact information ever travel home state thank toi make visit special great staff food glad make trip bass pro steroid great experience
Bass Pro Shops at the Pyramid|check place I m glad story behind pyramid event venue become bass pro shop interest even look line see picture build prior pro shop transformation amaze go observation deck yes little pricey go taxi view great also decide drink appetizer lookout restaurant bar top store amaze much see besides shop everything outdoor pond full large fish hotel restaurant even bowling alley get check least unique place
Bass Pro Shops at the Pyramid|nt pyramid ride top lot people say fun great way spend afternoon spend money create memory thank dog well behave kid
Bass Pro Shops at the Pyramid|really enjoy visit pyramid hard believe use hold basketball game much look line elevator ride long worth able see lot high ground eat would go back eat wahlburger go bowl fish bowl really go shop mainly see sight definitely come back try stay lodge eat sure awesome place
Bass Pro Shops at the Pyramid|price wicked fun place walk around everything might need shoot spear otherwise kill animal clothing store endless almost walk thing really not need observation deck great fun even apparently hotel restaurant thing call unique one
Bass Pro Shops at the Pyramid|hope interest experience little underwhelmed dome pyramid make entire place seem dark daughter take elevator observation deck interest see skyline memphis height not know worth cost get site good rainy day activity skip weather nice
Bass Pro Shops at the Pyramid|tell visit many people tell even hunt fish great disagree unless want pay extra thing worth I m sure great cup tea worth hype
Bass Pro Shops at the Pyramid|definitely back spring break
Bass Pro Shops at the Pyramid|memphis pyramid bass pro shop within pyramid say definitely visit even you re much outdoor sportsman activity inside awesome look feel like you re lagoon also store walk around quite bit also take elevator top observation area cost ticket make restaurant reservation day go line fairly long pyramid memphis
Stax Museum of American Soul Music|amaze experience learn soul music always curious learn soul music bear get chance visit place really bless much talent much joy soul really must go place visit memphis learn soul music make happy soul
Stax Museum of American Soul Music|full information memorabilia insightful love artifact cool outfit disc car love stax give big stack
Stax Museum of American Soul Music|must music lover treasure history close drive town easily do hour check music history
Stax Museum of American Soul Music|first stop visit memphis give really informative overview history music area say must visit give background understand city music really well execute overview memphis music
Stax Museum of American Soul Music|love american soul music southern memphis style place large museum full history artifact nice job restore record studio back original luster great soul music buff
Stax Museum of American Soul Music|appreciate video begin sit stage history share huge museum much pack tour culminate record room magic happen well worth small adult fee experience listen golden age soul especially nice air condition space heat memphis july worth time breathe soul history
Stax Museum of American Soul Music|must stop understand history soul music blend country gospel blue blend together many artist work make stax record wonderful record label vibrant history overwhelm church deep south bible belt must stop memphis memorable experience soul music
Stax Museum of American Soul Music|love tour gift shop treat steal something check insencensere not welcome experience concern
Stax Museum of American Soul Music|fabulous museum showcase talented musician come together white black create magic time black american little opportunity improve live owner stax along talented people like otis redd isaac hayes booker mg create song grow hear lot see worth every minute magic create small space
Stax Museum of American Soul Music|great museum even music history museum list go memphis great job relive history musician staff behind stax great instrument display also learn lot visit must see
Stax Museum of American Soul Music|absolutely love place host sweetest helpful really enjoy begin end definitely must vist area amaze
Stax Museum of American Soul Music|hear many good thing stax could not wait see good hope like soul music rock roll fan lot read something really really enjoy movie tour okay
Big River Crossing|well worth visit big river cross memphis great way spend afternoon
Big River Crossing|cleverly design bridge pedestrian bike also scooterswe ride explore bike back quite enjoyable great view nice way get exercise see city different point view great way experience river
Slave Haven / Burkle Estate Museum|terrible staff way intense placement room leave we record material present everything already know slave trade would love hear actual house family risk everything help free stranger oppression please research family slave pas able accomplish gain freedom also skip political rhetoric push division good would give tripadvisor would not let waste money
Slave Haven / Burkle Estate Museum|example potential unfulfilled residence historic example safe house underground railway museum require focus research small museum depth subject underground railway instead small general museum slavery united state go welltrodden subject rather shallow fashion surprisingly short research safe house inhabitant fit large scheme underground railway thus much information drive burkle family risk life operate safe house even simple family genealogy depict happen different family member civil war basic research would include peruse census datum property roll tax business record among other potential unfulfilled
Slave Haven / Burkle Estate Museum|one hour place give we understand dry museum exhibit prop story tell guide round gentleman guide credit place inspirational speaker do not want stop listen shock ashamed hear european involvement wonder hide terrible history back home come learn recommend experience you ll forget absolute must experience
Slave Haven / Burkle Estate Museum|visit slave memphis recently far exceed expectation I ve museum throughout we country honestly one informative museum I ve ever visit display move really bring life greg guide museum i d recommend anyone visit memphis informative
Slave Haven / Burkle Estate Museum|husband take tour today impress quality tour tour load information even relevant today society heartbreaking hear story amaze take look quilt photo house visit cellar slave hide favorite part think stand hero past stand people brave humble experience highly recommend tour would good old child well enlighten
Memphis Rock 'n' Soul Museum|really enjoy visit informative great music give headphone go around pace love walk round look take love rock soul well worth visit great place
Memphis Rock 'n' Soul Museum|super small interactive feel like extension hard rock walk hard rock gift shop way worth
Memphis Rock 'n' Soul Museum|addition tshirt shop well quality see elsewhere enjoyable
Memphis Rock 'n' Soul Museum|enter pay minute video watch okay give player headphone use throughout self guide tour really do not feel information add anything experience stop use headphone first time interest thought could pay well seem exhibit nothing rock memphis would well display civil right museum opinion hour top much small expect fine expect since civil right museum much reading get see costume singer cool interest
Old Dominick Distillery|highly recommend tour history learn distillery definitely go bar try couple cocktail make sure get chicken gu across street great bar cocktail recommend tour
Old Dominick Distillery|bartender fantastic story teller quite entertain love taste info alcohol especially bourbon distillery doesent actually distill quite sure do facility non function purchase liter old domimic vodka liquor store however tour charge buyrer ware buyer ware
Old Dominick Distillery|really enjoy visit old dominick draw great tourtaste guide enjoy variety alcohol offering educational tidbit fun atmosphere cozy couch decor would certainly recommend anyone interested support local business unique interest history can not wait visit
Old Dominick Distillery|come eat gu across street miss tour wait hour next tour allow we time walk river tour informative love history toddy great story family whiskey yet ready age year year go get see process along way end tour bar taste include moonshine vodka gin toddy bourbon year year whiskey really enjoy honeybell vodka toddy available sale gift shop well many item nice bar wish drink super clean everyone nice enjoyable tour worth stop
Old Dominick Distillery|really nice informative tour classy place visit nice taste end tour highly recommend wonderful experience
Old Dominick Distillery|love history not disappoint tourist stop live within two hour worth trip something memphis distillery spotless staff gracious knowledgeable welcome learn much memphis history distil tennessee history contribution late immigrant west tn even taste end try different liquor detail learn experience try raw whiskey straight still barrel year year unique journey whiskey produce complex flavor come sorry tour great history buff anyone interested alcoholic beverage make even non drinker not participate taste also history professor type mean dry boring tour pun intend sorry move along good pace enough time question everything well present great piece memphis history
Old Dominick Distillery|really enjoy tour give great history hit high point distil nt drone forever curate taste end well do get try different thing high quality spirit one good thing memphis great tour taste
Old Dominick Distillery|location distillery easily walkable peabody facility extremely nice tour interest informative without suffer overkill like many tour type taste session end colocate shop variety item purchase fascinate tour
Old Dominick Distillery|opt bypass go tour already walk around town day sit bar visit bartender couple brewer offshift really love freshmade drink fun conversation great place great drink beer love visit super friendly fun
Old Dominick Distillery|come appetizer drink awesome bar back window possess million dollar view bridge drink great service super fast weekday lot people trendy elegant super friendly great service
Old Dominick Distillery|visit road scholar group great tour guidehost name conner learn lot history distillery family also distil process great distillery tour taste
Old Dominick Distillery|tour guide well verse knowledgeable history behind brand distillery family interest sample tour delicious wonderful experience
