place,address
Graceland,"3717 Elvis Presley Blvd., Memphis, TN 38116"
Big River Crossing,"Big River Crossing, Memphis, TN 38103"
Old Dominick Distillery,"305 S Front St, Memphis, TN 38103-4111"
Slave Haven / Burkle Estate Museum,"826 N 2nd St, Memphis, TN 38107-2302"
Stax Museum of American Soul Music,"926 E McLemore Ave, Memphis, TN 38106-3338"
Memphis Rock 'n' Soul Museum,"191 Beale St, Memphis, TN 38103-3715"
Memphis Zoo,"2000 Prentiss Pl, Memphis, TN 38112, Memphis, TN 38112-5033"
National Civil Rights Museum - Lorraine Motel,"450 Mulberry St, Memphis, TN 38103-4214"
Sun Studio,"706 Union Ave, Memphis, TN 38103-3218"
Bass Pro Shops at the Pyramid,"1 Bass Pro Dr GPS address: 1 Auction Avenue, Memphis, TN 38105-1400"
