place,address
The Roosevelt Island Tramway,"59th Street and Second Avenue Tramway Plaza, New York City, NY 10022"
The Museum of Modern Art (MoMA),"11 West 53rd Street, New York City, NY 10019-5401"
The National 9/11 Memorial & Museum,"180 Greenwich St World Trade Center, New York City, NY 10007-0089"
Gulliver's Gate,"216 W 44th St Located between 7th and 8th avenue, New York City, NY 10036-3906"
Chelsea Market,"75 9th Ave, New York City, NY 10011-7006"
Greenwich Village,"14th Street and West of Broadway, New York City, NY"
American Museum of Natural History,"79th Street Central Park West, New York City, NY 10024"
Madison Square Garden,"4 Penn Plaza, New York City, NY 10121-0078"
Broadway,"599 Broadway, New York City, NY 10012-3235"
Times Square,"Broadway, New York City, NY 10036"
St. Patrick's Cathedral,"50th Street & 5th Avenue Wheelchair accessibility located off the corner of 51st Street and 5th Avenue, New York City, NY 10022-6863"
Ellis Island,"New York Harbor, New York City, NY 10017"
The Oculus,"33-69 Vesey St World Trade Center, New York City, NY 10003"
"Intrepid Sea, Air & Space Museum","12th Avenue & 46th Street Pier 86, New York City, NY 10036"
New York Public Library,"476 5th Ave New York, NY 10018, New York City, NY 10018"
Staten Island Ferry,"4 South Street, New York City, NY 10004"
Bryant Park,"between 40th and 42nd Streets & Fifth and Sixth Ave, New York City, NY 10017"
Radio City Music Hall,"1260 6th Avenue Between 50th and 51st Streets, New York City, NY 10020"
Rockefeller Center,"45 Rockefeller Plaza Rockefeller Centre, New York City, NY 10111-0100"
The Met Cloisters,"99 Margaret Corbin Drive Fort Tryon Park, New York City, NY 10040"
Grand Central Terminal,"89 E 42nd Street, New York City, NY 10017-5503"
One World Observatory,"285 Fulton St One World Trade Center, New York City, NY 10007-0089"
Manhattan Skyline,"103 W 55th St, New York, NY 10019"
The High Line,"517 W 23rd St, New York, NY 10011"
Brooklyn Bridge,"37 South St, New York, NY 10038"
Statue of Liberty,"Liberty Island, New York City, NY 10004"
Top of the Rock,"30 Rockfeller Plaza Enter on West 50th Street, between 5th & 6th Avenues, New York City, NY 10111"
Empire State Building,"20 West 34th Street, New York City, NY 10118-0114"
The Metropolitan Museum of Art,"1000 5th Ave, New York City, NY 10028-0198"
Christmas Spectacular Starring the Radio City Rockettes,"1260 Avenue of the Americas Between 50th & 51st Streets, New York City, NY 10020-1701"
Central Park,"59th to 110th Street Manhattan Borough, from Central Park West to 5th Avenue, New York City, NY 10022"
Lincoln Center for the Performing Arts,"The David RubenStein Atrium Broadway & 64th Street - main entrance, New York City, NY 10023"
Kings County Distillery,"Paymaster Building, Brooklyn Naval Yard, New York City, NY"
Majestic Theatre,"247 W 44th St, New York City, NY 10036-3907"
SeaGlass Carousel at The Battery,"75 Battery Pl, New York City, NY 10280-1500"
Neue Galerie,"1048 5th Ave, New York City, NY 10028-0111"
Museum of Jewish Heritage,"36 Battery Pl Edmond J. Safra Plaza, New York City, NY 10280-1502"
Whitney Museum of American Art,"99 Gansevoort Street, New York City, NY 10014-1404"
Macy's Herald Square,"151 West 34th Street, New York City, NY 10001-2101"
Woolworth Building,"233 Broadway, New York City, NY 10003"
One World Trade Center,"285 Fulton St, New York City, NY 10007-0089"
Spyscape,"928 8th Ave Between 54th-55th Street, New York City, NY 10019-5152"
New-York Historical Society Museum & Library,"170 Central Park W At Richard Gilder Way, New York City, NY 10024-5152"
Apollo Theater,"253 W 125th St, New York City, NY 10027-4408"
World Trade Center Memorial Foundation,"180 Greenwich St, New York City, NY 10007-0089"
Roosevelt Island,"513 Main St, Roosevelt Island, NY 10044"
Ground Zero Museum Workshop,"420 W 14th St Floor 2, New York City, NY 10014-1064"
Flatiron Building,"175 5th Ave At 23rd St., New York City, NY 10010-7703"
West Village,"367 Bleecker St, New York, NY 10014"
Washington Square Park,"5 Ave, Waverly Pl., W. 4 St. and Macdougal St. Washington Square Park, New York City, NY 10011"
Rockefeller Center Christmas Tree,"45 Rockefeller Plz Rockfeller Center, New York City, NY 10111-0100"
United Nations Headquarters,"405 E 42nd St, New York City, NY 10017-3507"
Tenement Museum,"103 Orchard St Lower East Side, New York City, NY 10002-3102"
The Morgan Library & Museum,"225 Madison Avenue at 36th Street, New York City, NY 10016-3405"
Fifth Avenue,"5th Ave, New York City, NY 10118-4810"
Chrysler Building,"405 Lexington and 42nd St., New York City, NY 10174"
SoHo,"South of Houston Street, New York City, NY 10022"
The Vessel,"20 Hudson Yards, New York City, NY 10001-2151"
Ellis Island Immigration Museum,"Battery Park, New York City, NY 10017"
Frick Collection,"1 E. 70th St. Fifth Ave., New York City, NY 10021-4994"
Harlem,"110th to 150th streets, New York City, NY"
Friends Building,"100 Bedford St Corner Grove, New York City, NY 10014-5304"
Madame Tussauds New York,"234 W 42nd St, New York City, NY 10036-7215"
Bloomingdale's," 1000 Third Avenue 59th Street and, Lexington Ave, New York, NY 10022"
Upper West Side,"Columbus and Amsterdam Ave. between 63rd and 85th Streets, New York City, NY"
Columbia University,"116th Street, New York City, NY 10027"
"Strawberry Fields, John Lennon Memorial","W. Park Dr. and W. 72nd St., New York City, NY 10023"
Beacon Theatre,"2124 Broadway, New York City, NY 10023-1746"
Sea Glass Carousel,"State Street at Pearl Street Battery Park, New York City, NY 10004"
World Trade Center's Liberty Park,"Liberty Street, New York City, NY 10048"
Union Square Green Market,"E 17th St & Broadway, Union Square W, New York City, NY"
Grand Central Market,"89 E 42nd St Grand Central Terminal, New York City, NY 10017-5503"
World Trade Center Station (PATH),"70 Vesey Street, New York, NY 10007"
Minskoff Theatre,"1515 Broadway, New York City, NY 10036-8901"
Lyric Theatre,"214 W 43rd St, New York City, NY 10036-3912"
Brookfield Place,"230 Vesey St Between West Street and North End Avenue, New York City, NY 10281-1027"
Saks Fifth Avenue,"611 5th Ave, New York, NY 10022"
Museum of Ice Cream,"558 Broadway, New York, NY 10012"
GhostBusters Firestation,"14 N Moore St TriBeCa, New York City, NY 10013-2413"
Union Square,"14th-17th Street (Broadway and Park), New York City, NY 10001"
Trinity Church,"Broadway at Wall Street, New York City, NY 10006"
St. Patrick's Old Cathedral,"263 Mulberry St, New York City, NY 10012-3375"
Museum of the City of New York,"1220 5th Ave at 103rd Street, New York City, NY 10029-5221"
New Amsterdam Theater,"214 W 42nd St, New York City, NY 10036-7202"
Lower Manhattan,"459 Broadway, New York, NY 10013"
Hudson River Park,"40 Hudson River Greenway, New York City, NY 10014"
Macy's Thanksgiving Day Parade,"Herald Square 151 W 34th St, New York City, NY"
Gershwin Theater,"222 W 52nd St, New York City, NY 10019-5802"
Museum at Eldridge Street,"12 Eldridge St Between Canal and Division Streets, New York City, NY 10002-6204"
St. Paul's Chapel,"209 Broadway b/t Fulton Street & Vesey Street, New York City, NY 10007-2977"
Manhattan Bridge,"South Street and FDR Drive, New York City, NY 10002"
Riverside Park,"475 Riverside Dr, New York City, NY 10115-0002"
Stone Street Historic District,"550 Broad St, New York, NY 10004"
Little Italy,"Mulberry Street, New York City, NY 10013"
National Museum of the American Indian,"1 Bowling Grn, New York City, NY 10004-1415"
Hayden Planetarium,"200 Central Park W American Museum of Natural History, New York City, NY 10024-5102"
Chinatown,"Canal Street to Bayard Street, New York City, NY 10013"
The Jewish Museum,"1109 5th Ave, New York City, NY 10128-0118"
New World Stages,"340 W 50th St, New York City, NY 10019-6629"
St. Thomas Church,"1 W 53rd St, New York City, NY 10019-5401"
Merchant's House Museum,"29 E 4th St, New York City, NY 10003-7003"
Westfield World Trade Center,"185 Greenwich St, New York City, NY 10007-2383"
Richard Rodgers Theatre,"226 W 46th St, New York City, NY 10036-1408"
Solomon R. Guggenheim Museum,"1071 Fifth Ave. at 89th St., New York City, NY 10128"
42nd Street,"42nd Street, New York City, NY"
Jazz at Lincoln Center,"Broadway at 60th St Frederick P. Rose Hall, New York City, NY 10019"
Governors Island National Monument,"New York Harbor Ferry Terminal, New York City, NY 10004"
KGB Espionage Museum,"245 W 14th St, New York City, NY 10011-7129"
Rubin Museum of Art,"150 West 17th Street, New York City, NY 10011"
Times Square Church,"1657 Broadway, New York City, NY 10019-6700"
Madison Square Park,"Between 23rd and 26 streets and Madison and Fifth Avenues, New York City, NY 10010"
Chelsea,"23rd St, New York City, NY 10011"
Color Factory,"251 Spring St, New York City, NY 10013-1520"
Winter Garden Theatre,"1634 Broadway, New York City, NY 10019-6852"
Broadway Theatre,"1681 Broadway, New York City, NY 10019-5827"
Conservatory Garden,"5th Ave & 105th St, New York City, NY 10029"
Bethesda Fountain,"Midpark at 72nd St. Transverse Central Park, New York City, NY"
Cathedral Church of Saint John the Divine,"1047 Amsterdam Ave, New York City, NY 10025-1747"
Fort Tryon Park,"Riverside Drive to Broadway, West 192nd to Dyckman Street, New York City, NY 10040"
Meatpacking District,"West of Eighth Avenue, New York City, NY 10014"
Wall Street,"Wall Street, New York City, NY 10005"
The Shops & Restaurants at Hudson Yards,"20 Hudson Yards, New York City, NY 10001-2166"
Gerald Schoenfeld Theatre,"236 W 45th St, New York City, NY 10036-3901"
Penn Station,"8th Avenue and West 31st Street, New York City, NY 10001"
Columbus Circle,"Broadway & 59th Street, New York City, NY 10019"
Alice in Wonderland Statue,"76th Street and 5th Avenue near Conservatory Lake, New York City, NY 10021"
Herald Square,"1 Herald Square at 34th Street and Sixth Avenue, New York City, NY 10001-2902"
Ripley's Believe It or Not! Times Square,"234 W 42nd St, New York City, NY 10036-7215"
Park Avenue,"Manhattan 1049 Park Ave, New York City, NY 10028-1061"
Hudson Theatre,"139-141 W. 44th Street, New York City, NY 10036-4012"
Trump Tower,"725 Fifth Avenue, New York City, NY 10022-2519"
The Shops at Columbus Circle,"10 Columbus Cir Time Warner Center, New York City, NY 10019-1158"
Lunt-Fontanne Theatre,"205 W 46th St, New York City, NY 10036-1409"
The Met Breuer,"945 Madison Ave at 75th Street, New York City, NY 10021-2764"
Museum of Sex,"233 5th Ave, New York City, NY 10016-8733"
St Joseph's Chapel Catholic Memorial at Ground Zero,"385 So. End Avenue St. Joseph’s Chapel, New York City, NY 10280-1038"
Shubert Theatre,"225 W 44th St, New York City, NY 10036-3964"
Bethel Gospel Assembly,"1832 Madison Ave, New York City, NY 10035-2707"
St James Theatre,"Theater district, New York City, NY 10036-3910"
Al Hirschfeld Theatre,"302 W 45th St, New York City, NY 10036-3802"
Century 21,"22 Cortlandt Street, New York City, NY 10007-3107"
Charging Bull (Wall Street Bull),"26 Broadway, New York City, NY 10004-1703"
Federal Reserve Bank of New York,"44 Maiden Lane, New York City, NY 10045"
New York City Fire Museum,"278 Spring St, New York City, NY 10013-1405"
New York Harbor,"135 Edgewater St, Staten Island, NY 10305"
NFL Experience Times Square,"20 Times Square 7th Ave between 47th & 48th Streets, New York City, NY 10036"
Pier 17,"89 South St, New York City, NY 10038-3514"
"Cooper Hewitt, Smithsonian Design Museum","2 E 91st St, New York City, NY 10128-0669"
The Museum at FIT,"Seventh Avenue at 27th Street, New York City, NY 10001"
Central Park Zoo,"830 5th Ave, New York City, NY 10065-7001"
Fraunces Tavern Museum,"54 Pearl St, New York City, NY 10004-4300"
Museum of Illusions,"77 8th Ave Corner of 14th Street & 8th Avenue, New York City, NY 10014-1201"
General Grant National Memorial,"122nd St And Riverside Dr Riverside Park, New York City, NY 10027"
Seaport District NYC,"19 Fulton St, New York City, NY 10038"
Battery Park,"State Street and Battery Place, New York City, NY 10004"
Bow Bridge,"74th Street West of Bethesda Terrace, Connecting Cherry Hill and The Ramble, New York City, NY"
Upper East Side,"230 E 79th St Office 1, New York, NY 10075"
Queensboro Bridge,"59th Street and York Avenue, New York City, NY"
Theodore Roosevelt Birthplace National Historic Site,"28 E 20th St between Broadway and Park Avenue South, New York City, NY 10003-1311"
The Dakota,"1 W 72nd St, New York City, NY 10023-3486"
Pip's Island,"400 W 42nd St, New York City, NY 10036-6809"
TriBeCa,"230 E 79th St Office 1, New York, NY 10075"
Jacob Javits Convention Center,"655 W 34th St, New York City, NY 10001-1114"
Marquis Theatre,"211 W 45th St, New York City, NY 10036-3902"
Irish Hunger Memorial,"290 Vesey St, New York City, NY 10281-1032"
African Burial Ground National Monument,"Duane and Elk Streets next to 290 Broadway, New York City, NY"
Stephen Sondheim Theatre,"124 W 43rd St, New York City, NY 10036-6503"
New York Stock Exchange,"20 Broad St, New York City, NY 10005-2601"
Love Sculpture,"1359 Avenue of the Americas 55th Street & 6th Ave, New York City, NY 10105-0010"
Children's Museum of Manhattan,"212 W. 83d St., New York City, NY 10024"
Bethesda Terrace,"Mid-Park at 72nd Street, New York City, NY 10021"
Lower East Side,"465 Grand St, New York, NY 10002"
Walter Kerr Theater,"218 W 48th St, New York City, NY 10036-1424"
NYC Ferry,"110 Wall St, New York City, NY 10005"
Hamilton Grange National Memorial,"414 W 141st St At the intersection of Hamilton Terrace, New York City, NY 10031-9138"
Studio 54,"254 W 54th St, New York City, NY 10019-5516"
Imperial Theatre,"249 W 45th St, New York City, NY 10036-3902"
Unisphere,"111th St., Queens, NY Flushing Meadows Corona Park, Queens, New York City, NY"
Balto Statue,"East Drive at 67th Street, New York City, NY 10024"
Federal Hall,"26 Wall St, New York City, NY 10005-1996"
Wollman Rink,"830 5th Ave, New York City, NY 10065-7001"
Neil Simon Theatre,"250 W 52nd St, New York City, NY 10019-5802"
Mahayana Buddhist Temple,"133 Canal St Ground Floor, New York City, NY 10002-5033"
FDNY Memorial Wall,"124 Liberty St, New York City, NY 10006-1008"
The High Line Park,"Gansevoort St. To W. 30 St. bet. Washington St. and 11 Ave, New York City, NY 10011"
Chelsea Hotel,"222 W 23rd St, New York City, NY 10011-2393"
August Wilson Theater,"245 W 52nd St, New York City, NY 10019-5803"
East Village,"Between Houston Street, Bowery, & 14th Street, New York City, NY"
New York City Center,"131 W 55th St Between 6th and 7th, New York City, NY 10019-5306"
Museum of Arts and Design,"2 Columbus Circle, New York City, NY 10019-1800"
Fearless Girl,"8 Broadway Street, New York City, NY 10004-2207"
,
City Winery,"155 Varick St Between Spring and Vandam Streets, New York City, NY 10013-1106"
International Center of Photography Museum,"79 Essex St, New York City, NY 10002"
Belvedere Castle,"79th Street Mid Central Park, New York City, NY 10021"
Museum of Chinese in  America,"215 Centre St, New York City, NY 10013-3601"
FDNY Fire Zone,"34 W 51st St, New York City, NY 10020-1600"
The Village Halloween Parade,"6th Avenue North of Spring Street, New York City, NY 10014"
National Museum of Mathematics,"11 E 26th St, New York City, NY 10010-1402"
Ambassador Theatre,"219 W 49th St, New York City, NY 10019-7404"
Franklin D. Roosevelt Four Freedoms Park,"1 FDR Four Freedoms Park Roosevelt Island, New York City, NY 10044"
Hope Sculpture,"810 7th Ave b/t 53rd St & 52nd St, New York City, NY 10019-5818"
Governors Island,"Craig Road North, New York City, NY"
Music Box Theatre,"239 W 45th St, New York City, NY 10036-3902"
Ed Sullivan Theater,"1697 Broadway, New York City, NY 10019-5904"
Booth Theatre,"222 W 45th St, New York City, NY 10036-3996"
New York City Subway,"130 Livingston Street, Brooklyn, New York City, NY 10004-3357"
George Washington Bridge,"179th Street and Riverside Drive, New York City, NY 10033"
Riverside Church,"Riverside Drive at 120th Street 91 Claremont Ave, New York City, NY 10027-5706"
Williamsburg Bridge,"Delancey St, New York City, NY 11104"
"Banksy's ""Hammer Boy""","233 W 79th St, New York City, NY 10024-6205"
David H. Koch Theater,"20 Lincoln Center Plz adjacent to the Metropolitan Opera House and David Geffin Hall, New York City, NY 10023-6913"
Lincoln Square,"Columbus Ave and Broadway, New York City, NY"
Stage 42,"422 W 42nd St, New York City, NY 10036-6832"
Eugene O'Neill Theatre,"230 W 49th St, New York City, NY 10019-7405"
Temple Emanu-El,"1 E 65th St At Fifth Ave., New York City, NY 10065"
Daily News Building,"220 E 42nd St, New York City, NY 10017-5806"
Inwood Hill Park,"Dyckman St Manhattan, New York City, NY 10034"
Vivian Beaumont Theatre,"150 W 65th St, New York City, NY 10023-6916"
The Public Theater,"425 Lafayette St, New York City, NY 10003-7021"
Greater Refuge Temple,"2081 Adam Clayton Powell Jr Blvd, New York City, NY 10027-4931"
Duffy Square,"Between 45th and 47th Streets, Broadway and Seventh Avenue, New York City, NY 10036"
Palace Theatre,"1564 Broadway, New York City, NY 10036-1542"
New York City Hall,"Broadway and Murray St City Hall Park, New York City, NY 10007"
Essex Street Market,"88 Essex St, New York City, NY 10002-3809"
Circle In The Square Theatre,"1633 Broadway, New York City, NY 10019-6708"
Brooks Atkinson Theatre,"256 W 47th St, New York City, NY 10036-1411"
First Corinthian Baptist Church,"1912 Adam Clayton Powell Jr Blvd, New York City, NY 10026-2815"
Jacqueline Kennedy Onassis Reservoir,"85th Street to 96th Street, New York City, NY 10128"
Chelsea Piers Sports & Entertainment Complex,"Hudson River, Piers 59-62 Between 17th And 23rd Streets, New York City, NY 10011"
Koreatown,"32nd Street, New York City, NY"
Manhattan Mall,"6th Ave. and 33rd St., New York City, NY 10001"
Museum Mile,"Fifth Avenue From 82nd to 105th Streets, New York City, NY"
Easter Parade,"5th Ave, New York City, NY 10118-4810"
Nederlander Theater,"208 W 41st St, New York City, NY 10036-7203"
Time Warner Center,"10 Columbus Cir, New York City, NY 10019-1158"
Rose Mansion,"111 W 32nd St, New York City, NY 10001-3206"
David Geffen Hall,"10 Lincoln Center Plz, New York City, NY 10023-6912"
Houdini Museum of New York at Fantasma Magic,"213 W 35th St Suite 401, New York City, NY 10001-1903"
New Museum of Contemporary Art,"235 Bowery, New York City, NY 10002-1218"
Convent Avenue Baptist Church,"420 W 145th St, New York City, NY 10031-5202"
Red Cube,"Marine Midland Plaza 140 Broadway, New York City, NY"
Trump Rink in Central Park,"59th St and 6th Ave Central Park, New York City, NY 10021"
Greenacre Pocket Park,"51st Street between 2nd and 3rd Avenues Between 2nd and 3rd Avenues, New York City, NY 10022-6502"
Sixth Avenue (Avenue of the Americas)," Burlington, 707 6th Ave, New York, NY 10010"
Fulton Center,"200 Broadway Between John and Fulton Streets, New York City, NY 10038-2542"
Joyce Theater,"175 8th Ave, New York City, NY 10011-1694"
General Electric Building,"6th Ave., and 49th and 50th Sts., New York City, NY 10112-0015"
St. Bartholomew's Church,"109 E 50th St at Park Ave., New York City, NY 10022-6804"
Central Park's Literary Walk,"66th St To 72nd St Central Park, New York City, NY 10022"
The Juilliard School,"60 Lincoln Center Plz, New York City, NY 10023-6500"
Belasco Theatre,"111 W 44th St, New York City, NY 10036-4012"
Hudson River Greenway,"Battery Park to Little Red Lighthouse, New York City, NY"
New York City Supreme Court,"60 Centre St, New York City, NY 10007-1402"
Artists & Fleas at Chelsea Market,"West 15th St. at 10th Ave., New York City, NY 10011"
New York University,"70 Washington Sq S, New York City, NY 10012-1019"
Grand Masonic Lodge of New York,"71 W 23rd St, New York City, NY 10010-4102"
Chelsea Flea Market,"W. 25th St. Btwn Sixth & Broadway, New York City, NY 10010"
H&M,"1293 Broadway, New York City, NY 10001-2910"
Longacre Theatre,"220 W 48th St, New York City, NY 10036-1424"
Hearst Tower,"300 W 57th St, New York City, NY 10019-3741"
ABC Carpet & Home,"881 & 888 Broadway, New York City, NY"
Holographic Studios,"240 E 26th St, New York City, NY 10010-2436"
Mount Vernon Hotel Museum & Garden,"421 E 61st St, New York City, NY 10065-8736"
Arthur Ashe Stadium,"124-02 Roosevelt Ave, New York City, NY 11368"
St. Patrick's Day Parade New York City,"W 44th St, New York City, NY"
New York International Auto Show,"655 W 34th St Jacob Javits Convention Center, New York City, NY 10001-1114"
The Art of the Brick by Nathan Sawaya,"226 W 44th St Discovery Times Square, New York City, NY 10036-3906"
Carl Schurz Park,"E. 84th to E. 90th St. between East End Ave. and East River, New York City, NY"
Bernard B. Jacobs Theatre,"242 W 45th St, New York City, NY 10036-3901"
Gapstow Bridge,"62nd Street, New York City, NY 10019"
Barrymore Theatre,"243 W 47th St, New York City, NY 10036-1496"
New York Comic-Con,"655 W 34th St Jacob Javits Convention Center, New York City, NY 10001-1114"
Ghostbusters Building,"55 Central Park W, New York City, NY 10023-6076"
Little Red Lighthouse,"Fort Washington Park Hudson River Greenway under the Manhattan side of the George Washington Bridge, New York City, NY 10033"
Winter Garden,"200 Vesey St, New York City, NY 10281-1013"
Bowling Green,"Broadway & Whitehall Street, New York City, NY 10004"
Lyceum Theatre,"149 W 45th St, New York City, NY 10036-4042"
South Street Seaport Museum,"12 Fulton St, New York City, NY 10038-2109"
The Ramble,"79th St Transverse, New York City, NY 10024"
Children's Museum of the Arts,"103 Charlton St, New York City, NY 10014-3645"
Broadhurst Theatre,"235 W 44th St, New York City, NY 10036-3907"
Morningside Park,"Morningside Avenue at 110th Street, New York City, NY 10027"
Shakespeare Garden,"W. Park Dr. and 79th St. Transverse, New York City, NY 10024"
Paley Park,"3 E 53rd St, New York City, NY 10022-4200"
Grace Church,"802 Broadway at 10th Street, New York City, NY 10003-4831"
Alleva Dairy,"188 Grand St, New York City, NY 10013-3729"
Canaan Baptist Church of Christ,"132 W 116th St, New York City, NY 10026-2520"
American Airlines Theater,"227 W. 42nd St. Between 7th and 8th Aves, New York City, NY"
Astor Place Theatre,"434 Lafayette St, New York City, NY 10003-6918"
Park Avenue Armory,"643 Park Ave, New York City, NY 10065-6122"
MetLife Building,"200 Park Ave, New York City, NY 10166-0005"
Trinity Church Cemetery & Mausoleum,"770 Riverside Dr, New York City, NY 10032-7535"
Sotheby's,"1334 York Ave, New York City, NY 10021-4806"
34th Street,"34th Street, New York City, NY"
Rockefeller Park,"North end of Battery Park City West of River Terrace, New York City, NY 10280"
Holcombe Rucker Park,"280 W 155th St, New York City, NY 10039-1300"
Central Synagogue,"652 Lexington Ave, New York City, NY 10022-4533"
Morris-Jumel Mansion,"65 Jumel Ter Washington Heights, New York City, NY 10032-5360"
Gracie Mansion,"East 88th Street and East End Avenue, New York City, NY 10128"
The Pershing Square Signature Center,"480 W 42nd St, New York City, NY 10036-6805"
Hans Christian Andersen Statue,"E 74th St, New York City, NY 10021"
Paley Center for Media,"25 W 52nd St, New York City, NY 10019-6104"
Golden Theatre,"252 W 45th St, New York City, NY 10036-3901"
Agora Gallery,"530 W 25th St, New York City, NY 10001-5516"
T.J. Maxx,"407 E 59th St, New York City, NY 10022-1502"
James A. Farley Post Office,"421 8th Ave, New York City, NY 10001"
Cort Theatre,"138 W 48th St, New York City, NY 10036-1579"
Fred F. French Building,"551 5th Ave, New York City, NY 10176-0001"
Lincoln Tunnel,"500 J F Kennedy Blvd E, New York City, NY"
The Sphere,"Battery Park, New York City, NY 10004"
Church of Saint Joseph of the Holy Family,"405 West 125 Street, New York City, NY 10027-4201"
New York Public Library for the Performing Arts,"40 Lincoln Center Plaza at Amsterdam Avenue, New York City, NY 10023-7486"
Cleopatra's Needle,"Upper East Side at 81st Street. Central Park, New York City, NY"
Church of St. Francis of Assisi,"135 W 31st St, New York City, NY 10001-3403"
Seventh Avenue,"Between West 26th Street and 42nd Streets, New York City, NY"
Skyscraper Museum,"39 Battery Pl (at Nassau St.), New York City, NY 10280-1501"
Stonewall National Monument,"West 4th Street, New York City, NY 10014"
Museum of the American Gangster,"80 Saint Marks Pl, New York City, NY 10003-8194"
City Hall Park,"43 Park Row City Hall, New York City, NY 10038-1508"
Kinokuniya Book Stores of America,"1073 Avenue of the Americas, New York City, NY 10018-3701"
Channel Gardens,"600 5th Ave Between 49th and 50th Sts., New York City, NY 10020-2302"
Delacorte Theater,"81 Central Park West, New York City, NY 10023"
New York City Criminal Court,"100 Centre St, New York City, NY 10013-4308"
Abyssinian Baptist Church,"132 Odell Clark Pl, New York City, NY 10030-2303"
American Folk Art Museum,"2 Lincoln Square Columbus Avenue between 65th and 66th Streets, New York City, NY 10023-6229"
Sony Hall,"235 W 46th St, New York City, NY 10036-1409"
The High Bridge,"Amsterdam Ave. & West 173rd St Highbridge Park, New York, NY 10033"
Randall's Island Park,"20 Randalls Island Park, New York City, NY 10035-5197"
Castle Clinton National Monument,"26 Wall St Battery Park, New York City, NY 10005-1996"
New York Public Library - Bloomingdale Library,"150 W 100th St, New York City, NY 10025-5145"
Helen Hayes Theatre,"240 W 44th St, New York City, NY 10036-3906"
Gramercy Park,"20TH/21ST Lexington Ave, New York City, NY 10010-3609"
Greeley Square Park,"Broadway, Ave of Americas bet. W 32 St and W 33 St, New York City, NY"
Times Square Countdown,"1560 Broadway, New York City, NY 10036-1537"
Rose Center for Earth and Space,"American Museum of Natural History, New York City, NY 10024"
Nicholas Roerich Museum,"319 W 107th St, New York City, NY 10025-2799"
The Kneeling Fireman,"6 E 43rd St Between Madison and Fifth, New York City, NY 10017-4609"
Cherry Lane Theatre,"38 Commerce St, New York City, NY 10014-3755"
Diamond District,"Ave of the Americas & W 47th St, New York City, NY 10036"
Irish Repertory Theatre,"132 W 22nd St, New York, NY 10011"
NY Waterway,"459 12th Ave, New York, NY 10001"
Algonquin Hotel,"59 W 44th St, New York City, NY 10036-6638"
The Green Room 42,"570 10th Ave, New York City, NY 10036-3001"
The New York Earth Room,"141 Wooster St, New York City, NY 10012-3163"
The Annex / Hell's Kitchen Flea Market,"39th Street between 9th and 10th Avenues, New York City, NY"
The Mall,"Midpark between 66th and 72nd Sts., New York City, NY 10022"
Dalmatian and Taxi Sculpture,"424 E 34th St, New York City, NY 10016-4972"
Scandinavia House,"58 Park Ave Between 38-37 Streets, New York City, NY 10016-3007"
Ford Foundation Building,"321 E 42nd St, New York City, NY 10017-5908"
Zuccotti Park,"Liberty St., New York City, NY 10006"
New York Yacht Club,"37 W 44th St, New York City, NY 10036-6613"
Heckscher Playground,"65th St Transverse, New York City, NY 10019"
Sutton Place Park,"East River between 56 and 57, New York City, NY"
Town Hall,"123 W 43rd St, New York City, NY 10036-6507"
Columbus Park,"67 Mulberry St Baxter St, New York City, NY 10013-4331"
LuminoCity Festival,"Randall's Island Park, New York City, NY 10035"
Seagram Building,"375 Park Ave S, New York City, NY 10016-8801"
United States Custom House,"1 Bowling Grn, New York City, NY 10004-1415"
Obscura Antiques & Oddities,"207 Avenue a, New York City, NY 10009-3474"
The National Jazz Museum in Harlem,"104 E 126th St between Lenox and 5th Aves., New York City, NY 10035-1621"
Grand Bazaar NYC,"100 West 77th Street Corner of Columbus Avenue, New York City, NY 10024-6902"
Church of Saint Mary the Virgin,"139 W 46th St, New York City, NY 10036-8502"
The American Kennel Club Museum of the Dog,"101 Park Ave, New York City, NY 10178-0002"
Gagosian Gallery,"555 W 24th St, New York City, NY 10011-1104"
PlayStation Theater,"1515 Broadway, New York City, NY 10036-8901"
Tudor City,"310 E 42nd St, New York, NY 10017"
Titanic Memorial Park,"Pearl & Fulton Street South Street Seaport, New York City, NY 10038"
Tiffany Street Clock at 5th Ave.,"200 5th Ave, New York City, NY 10010-3302"
Hello Panda Festival,"123-01 Roosevelt Ave Citi Field, New York City, NY 11368"
Mother African Methodist Episcopal Zion Church,"140 W 137th St # 6, New York City, NY 10030-2502"
Church of St. Paul the Apostle,"405 W 59th St, New York City, NY 10019-1104"
Schomburg Center for Research in Black Culture,"515 Malcolm X Blvd Harlem, New York City, NY 10037-1801"
The Municipal Building,"Chambers and Centre streets, New York City, NY 10007-1602"
New York City Vietnam Veterans Memorial Plaza,"55 Water St, New York City, NY 10041-0004"
Barney's,"660 Madison Ave., New York City, NY"
The Armory (Track),"216 Fort Washington Ave, New York City, NY 10032-1322"
New York Transit Museum,"89 E 42nd St Grand Central Terminal, New York City, NY 10017-5503"
Swedish Cottage Marionette Theatre,"West 79th Street, New York City, NY 10023"
Helmsley Building,"230 Park Ave, New York City, NY 10169-0005"
Tompkins Square Park,"From 7th To 10th Streets Between Avenues A and B, New York City, NY 10009"
Antioch Baptist Church,"515 W. 125th St Rev. Dr. Alfloyd Alston Way, New York City, NY 10027-3402"
Church of Saint Vincent Ferrer,"869 Lexington Ave, New York City, NY 10065-6648"
Joey Ramone Place,"325 Bowery Corner of the Bowery and 2nd Street, New York City, NY 10003-8962"
The Shed,"545 W 30th St, New York City, NY 10001-1309"
Modell's,"1293 Broadway, New York City, NY 10001-2910"
New Victory Theater,"209 West 42nd Street between Seventh and Eighth Avenues, New York City, NY 10036"
Westside Theatre,"407 W 43rd St, New York City, NY 10036-5330"
Elizabeth Street Garden,"Elizabeth Street, New York City, NY 10012"
United Palace,"4140 Broadway, New York City, NY 10033-3701"
Greenflea Flea Market,"410 Columbus Ave At P.S. 183, New York City, NY 10024-5178"
The Players Theatre,"115 Macdougal St, New York City, NY 10012-1202"
59E59 Theaters,"59 E 59th St, New York City, NY 10022-1104"
Victorian Gardens,"Avenue of the Americas & W 59th St Wollman Rink, New York City, NY 10019"
Japan Society,"333 E 47th St Btw. 1st and 2nd Aves, New York City, NY 10017-2399"
East River Waterfront Esplanade,"FDR Drive at 96th Street, New York City, NY 10075"
Dave's New york,"581 Avenue of the Americas entre W16Th et W17th, New York City, NY 10011-2021"
David Zwirner Gallery,"525 W 19th St, New York City, NY 10011-2808"
St. Peter's Church,"22 Barclay St near the World Trade Center, New York City, NY 10007-2705"
Pier 45,"Christopher St at Hudson River, New York City, NY"
Riverside Drive,"Riverside Drive, New York City, NY"
Barrow Street Theatre,"27 Barrow St, New York City, NY 10014-3823"
William Tecumseh Sherman Monument,"5th Ave Grand Army Plaza, between 59th and 60th Streets, New York City, NY 10118-4810"
Laura Pels Theater,"111 W 46th St, New York City, NY 10036-8502"
Holland Tunnel,"Between Manhattan and Jersey City, New York City, NY 07310"
The Church of St. Ignatius Loyola,"980 Park Ave, New York City, NY 10028-0805"
Malcolm Shabazz Harlem Market,"52 W 116th St, New York City, NY 10026-2509"
Fifth Avenue Presbyterian Church,"7 W 55th St, New York City, NY 10019-4902"
New York City Wine & Food Festival,"9 W 19th St, New York City, NY 10011-4224"
The Pond,"Central Park South between Fifth and Sixth Avenues, New York City, NY 10019"
St. Nicholas Park,"Between 128th and 141st Streets, New York City, NY 10031"
Fulton Fish Market,"South Street, New York City, NY 10038"
Hispanic Society of America,"613 W 155th St at Broadway, New York City, NY 10032-7501"
Museum of American Finance,"48 Wall Street, New York City, NY 10005-2903"
Bowery,"121 Wooster St, New York City, NY 10012-3857"
Mt Olivet Baptist Church,"Bl Malcom X Harlem, New York City, NY 10027"
The Jefferson Market Garden,"Entrance on Greenwich Avenue Between Sixth Avenue and West 10th Street, New York City, NY 10011-8300"
Society of Illustrators,"128 E 63rd St, New York City, NY 10065-7392"
Frank Gehry Building,"8 Spruce St 8 Beekman St, New York City, NY 10038-1556"
Alphabet City,"Avenues A, B, C, and D between Houston and 23rd, New York City, NY"
Conservatory Water,"5th Ave & E 74th St, New York City, NY 10021"
American Merchant Marines Memorial,"Battery Park Manhattan, New York City, NY"
Jefferson Market Library,"425 Avenue of the Americas, New York City, NY 10011-8427"
Statue of Confucius,"Confucius Plaza Bowery, New York City, NY"
CBS Building,"51 W 52nd St, New York City, NY 10019-6119"
Tom's Diner,"2880 Broadway, New York City, NY 10025-7848"
Canal Street Market,"265 Canal St, New York City, NY 10013-6010"
The National Arts Club,"15 Gramercy Park S, New York City, NY 10003-1705"
Queen of Hearts,"Pier 36, New York City, NY 11201"
Asia Society and Museum,"725 Park Ave, New York City, NY 10021-5025"
GemsNY,"20 W 47th St Suite 606, New York City, NY 10036-3303"
Ninth Avenue International Food Festival,"Ninth Avenue between 42nd and 57th Street, New York City, NY 10018"
City Hall Park Visitor Information Center,"Broadway at south end of City Hall Park, New York City, NY"
Samsung 837,"837 Washington St, New York City, NY 10014-1307"
Showfields,"11 Bond St, New York City, NY 10012"
Library Way,"41st Street, New York City, NY 10017"
Mount Neboh Baptist Church,"1883 Adam Clayton Powell Jr Blvd, New York City, NY 10026-2850"
Metropolitan Transportation Authority," 2 Broadway, New York, NY 10004"
Orchard Street,"96 Orchard St, New York, NY 10002"
Ladies Pavilion,"West side between 75th and 76th Streets, New York City, NY 10024"
Orpheum Theatre,"126 2nd Ave, New York City, NY 10003-8377"
American Express 11 Tears Memorial,"200 Vesey St American Express Headquarters, New York City, NY 10281-1013"
Foley Square,"111 Worth St Apt 4G, New York City, NY 10013-4017"
Christopher Park,"7th Avenue South, Christopher Street, New York City, NY 10014"
Rose Theater,"Lincoln Center, New York City, NY 10023-7905"
Pier 66 Maritime,"West 26th Street Pier 66 Hudson River Park, New York City, NY 10001"
The Museum of Interesting Things,"60 E 8th St Apt 12P, New York City, NY 10003-6539"
Minetta Lane Theatre,"18 Minetta Ln, New York City, NY 10012-1207"
Urbanspace - Broadway Bites,"Greeley Square Broadway, between 32nd and 33rd Street, New York City, NY"
The Governors Ball Music Festival,"1 Randalls Is Randall’s Island Park, New York City, NY 10035-5197"
Electric Zoo,"Randall's Island Park, New York City, NY 10035"
Hester Street Fair,"Hester and Essex Street, New York City, NY 10002"
John V. Lindsay East River Park,"East River Promenade, New York City, NY 10019"
Sloomoo Institute,"475 Broadway, New York City, NY 10013-2720"
Joan of Arc Memorial,"Riverside Drive and 93rd Street, New York City, NY"
Fotografiska New York,"281 Park Ave S, New York City, NY 10010-6125"
American Standard Building,"40 W 40th St, New York City, NY 10018-2602"
Church of the Transfiguration,"1 E 29th St at Fifth Avenue, New York City, NY 10016-7405"
The Immigrants,"South end of the Eisenhower Mall in Battery Park South of Castle Clinton, New York City, NY"
St. Vartan Armenian Cathedral,"630 2nd Ave, New York City, NY 10016-4806"
Museum of Comic and Cartoon Art MOCCA NYC,"128 E 63rd St, New York City, NY 10065-7303"
Lever House,"390 Park Ave, New York City, NY 10022-4608"
Saint Paul Chapel,"1160 Amsterdam Ave Morningside Heights Campus, New York City, NY 10027-7003"
Mmuseumm,"4 Cortlandt Aly Lower Manhattan, New York City, NY 10013-3503"
Graffiti Hall of Fame,"1573 Madison Ave Playground Of Jackie Robinson Educational Complex between Park and Madison, New York City, NY 10029-3819"
George M. Cohan Statue,"Father Duffy Square, New York City, NY"
El Museo del Barrio,"1230 Fifth Ave. at 104th Street, New York City, NY 10029"
Taglialatella Galleries,"229 10th Ave, New York City, NY 10011-4738"
Shrine of St. Elizabeth Ann Bayley Seton,"7 State St Church of Our Lady of the Holy Rosary, Between Pearl and Water Streets, New York City, NY 10004-1500"
Tudor City Greens,"25 Tudor City Pl, New York City, NY 10017-6819"
Leslie-Lohman Museum of Gay and Lesbian Art,"26 Wooster St, New York City, NY 10013-2227"
Korean War Veterans Memorial,"Battery Park, New York City, NY"
World Trade Center Transportation Hub,"290 Broadway, New York City, NY 10007-1823"
Alice Tully Hall,"1941 Broadway, New York City, NY 10023-6509"
Metropolitan Life Insurance Tower,"1 Madison Ave, New York City, NY 10010-3603"
"Sadigh Gallery Ancient Art, Inc","303 5th Ave, New York City, NY 10016-6601"
Rockefeller Plaza Manhattan New York City,"45 Rockefeller Plaza New York New York 10111 Rockefeller Centre, New York City, NY 10111"
Delacorte Clock,"5th Ave, New York City, NY 10118-4810"
Jean Dubuffet - Group of Four Trees,"Chase Manhattan Bank Plaza, New York City, NY"
The Drawing Center,"35 Wooster St, New York City, NY 10013-5300"
Cunard Building,"25 Broadway, New York City, NY 10004-1010"
Center for Jewish History,"15 W 16th St, New York City, NY 10011-6301"
Marilyn Monroe's subway grate,"Lexington Ave & E 52nd St South West corner, New York City, NY"
Hudson Street,"678 Hudson St, New York, NY 10014"
Church of Saint Agnes,"143 E 43rd St, New York City, NY 10017-4007"
The Episcopal Church of The Heavenly Rest,"2 E 90th St, New York City, NY 10128-0603"
Harlem Meer,"109th Street Next to Dana Discovery Center, New York City, NY 10029"
Dyckman Farmhouse Museum,"4881 Broadway (at 204th St), New York City, NY 10034-3101"
Holy Trinity Greek Orthodox Cathedral,"337 E 74th St, New York City, NY 10021-3792"
Our Lady of Pompeii,"25 Carmine St, New York City, NY 10014-4423"
Double Check,"Liberty St., New York City, NY 10006"
4 World Trade Center,"150 Greenwich St, New York City, NY 10007-2366"
Second Avenue Subway,"96th Street, New York City, NY"
Highbridge Park,"W 155 St and Dyckman St Edgecombe Av & Amsterdam Av, New York City, NY 10039"
St. Mark's-in-the-Bowery Church,"131 E 10th St, New York City, NY 10003-7504"
St. Luke's Theatre,"308 W 46th St, New York City, NY 10036-3801"
Katharine Hepburn Garden,"224 E 47th St, New York City, NY 10017-2102"
Marble Collegiate Church,"1 W 29th St, New York City, NY 10001-4596"
Rockaways,"90-14 Rockaway Beach Blvd Between 90th and 91st streets, New York City, NY"
Judd Foundation,"101 Spring St, New York City, NY 10012-3903"
Playwrights Horizons,"416 W. 42nd St., between 9th and 10th Aves, New York City, NY"
The Appel Room,"10 Columbus Cir, New York City, NY 10019-1158"
MoPi - Museum of Pizza,"MoPi - Museum of Pizza, New York City, NY"
Union Square Metronome,"14th Street 4th Avenue, New York City, NY 10009"
Hallett Nature Sanctuary,"6th Ave & W 59th St Just south of Wollman Rink, New York City, NY 10019"
Elevated Acre,"55 Water St Escalators outside of building, New York City, NY 10041-0004"
Memorial Baptist Church,"141 W 115th St, New York City, NY 10026-2999"
Main Street Park,"99 Plymouth St, Brooklyn, NY 11201"
Kelly Temple,"10 E 130th St Harlem, New York City, NY 10037-3707"
Lucille Lortel Theatre,"121 Christopher St, New York City, NY 10014-4204"
Tweed Courthouse,"City Hall Park, New York City, NY 10001"
Robert F. Kennedy Bridge,"Between Cypress Ave, The Bronx and Hoyt Ave, Queens, New York City, NY"
Salmagundi Museum of American Art,"47 5th Ave Between 11th and 12th streets, New York City, NY 10003-4679"
Pulitzer Fountain,"Grand Army Square 59th Street and 5th Avenue, New York City, NY"
Manhattan Waterfront Greenway,"2 World Financial Ctr, New York City, NY 10281-1008"
Father Duffy statue,"Father Duffy Square, New York City, NY"
Bartman Statue,"1211 6th Ave, New York City, NY 10036-8701"
Artists & Fleas,"490 Broadway Broome St, New York City, NY 10012-4415"
St. John the Baptist Church,"210 W 31st St, New York City, NY 10001-2802"
Kirk Theatre,"410 W 42nd St, New York City, NY 10036-6809"
75 1/2 Bedford Street,"75 1/2 Bedford St, New York City, NY 10014-4011"
Sara D Roosevelt Park,"E Houston St Between Chrystie & Forsyth St, New York City, NY 10002"
Daryl Roth Theatre,"101 East 15th Street at Union Square, New York City, NY 10003"
The Davenport Theatre,"354 W 45th St, New York City, NY 10036-3802"
Group of Bears Statue,"East 79th Street Pat Hoffman Friedman Playground, New York City, NY 10028"
Asphalt Green,"1750 York Avenue, New York City, NY 10128-6834"
Riverbank State Park,"679 Riverside Dr, New York City, NY 10031-5500"
Attractions4Us New York City,"24 State St, New York City, NY 10016"
Masjid Malcolm Shabazz Mosque,"102 W 116th St, New York City, NY 10026-2500"
Turtle Pond,"Central Park, New York City, NY"
Church of the Ascension,"5th Avenue at 10th Street 5th Avenue at West 10th Street, New York City, NY 10011-8862"
Cooper Union Foundation Building,"East 7th Street to Astor Place Cooper Square, New York City, NY 10003"
Museo de la Estatua de la Libertad,"Liberty Island, New York City, NY 10004"
"Machpelah Cemetery, site of Houdini's grave","8230 Cypress Hills St, New York City, NY 11385-6833"
Holy Innocents Church,"128 W 37th St West of Broadway, New York City, NY 10018-3602"
Church of St. Francis Xavier,"16th Street Between 5th and 6th Avenue, New York City, NY"
26th Street Flea Market,"6th Ave 6th Avenue & Broadway, New York City, NY 10011"
53rd Street Public Library,"18 West 53rd Street New York, NY, 10019, New York City, NY 10019"
One Chase Manhattan Plaza,"1 Chase Manhattan Plz Between Pine, Liberty, Nassau, and William Streets, New York City, NY 10005-1401"
Dante Park,"West 63rd Street Broadway, Columbus Avenue, New York City, NY 10023"
Nuyorican Poet's Cafe,"236 E 3rd St, New York City, NY 10009-7437"
Miriam and Ira D. Wallach Art Gallery,"1190 Amsterdam Ave. MC 5502 926 Schermerhorn Hall, New York City, NY 10025"
The Studio Museum in Harlem,"144 W 125th St, New York City, NY 10027-4423"
Carnegie Hill," 1155 Park Ave, New York, NY 10128"
Lady Liberty,"667 Madison Ave At 61st Street, New York City, NY 10065-8029"
Merkin Concert Hall,"Kaufman Center at Goodman House 129 W. 67th St., New York City, NY"
Aqueduct Race Track,"110th St @ Rockaway Blvd, New York City, NY"
John Jay Park,"FDR Dr., E 76 St. To E 78 St., New York City, NY 10075"
Stephen A. Schwarzman Building,"Fifth Avenue at 42nd Street, New York City, NY 10018-2788"
The Africa Center,"1280 5th Ave, New York City, NY 10029-8405"
Tribeca Film Festival,"375 Greenwich St Tribeca Film Center,2nd Floor, New York City, NY 10013-2376"
Arcadia Earth,"718 Broadway, New York City, NY 10003-9500"
Mickey The True Original Exhibition,"60 10th Ave, New York City, NY 10011-4714"
New York City Aids Memorial,"76 Greenwich Ave, New York City, NY 10011-7728"
Holy Cross Church,"329 W 42nd St, New York City, NY 10036-6907"
Grolier Club,"47 E 60th St Between Park and Madison Avenues, New York City, NY 10022-1098"
Roosevelt Island Historical Society Visitor Center Kiosk,"285 Main Street, Tram Plaza, New York City, NY 10044"
The San Remo,"145 Central Park W, New York City, NY 10023-6296"
American Irish Historical Society,"991 5th Ave, New York City, NY 10028-0101"
Fort Schuyler,"Wadhams St, Bronx, NY 10465"
Pearl River,"477 Broadway, New York City, NY 10013-5904"
Strivers' Row,"W. 138th and W. 139th Sts. between Adam Clayton Powell Jr. and Frederick Douglass Blvds. Harlem, New York City, NY"
The Art Students League of New York,"215 W 57th St, New York City, NY 10019-2104"
Poster House,"119 W 23rd St, New York City, NY 10011-2427"
Joker Stairs,"1165 Shakespeare Ave, New York City, NY 10452-3904"
Beresford,"211 Central Park W, New York City, NY 10024-6020"
Wagner Cove,"West 72nd street, New York City, NY 10024"
Christ Church,"520 Park Ave, New York City, NY 10065-8001"
Citicorp Center,"601 Lexington Ave, New York City, NY 10022-4611"
America's Response Monument,"97 12th Ave, New York City, NY 10014-1005"
Astor Place,"Astor Pl, New York City, NY 10003"
Fantasy Forest Amusement Park at the Flushing Meadows Carousel,"111th St and 55th Ave, New York City, NY 11368"
National Park Service - Information Center on Liberty Island,"1 Liberty Is, New York City, NY 10004-1418"
Throgs Neck Bridge," Throgs Neck Bridge, Bronx, NY 10465"
Barrymore Theater," 243 W 47th St, New York, NY 10036"
New York City Opera,"20 Lincoln Center Plz, New York City, NY 10023-6913"
"New Era Factory Outlet, Inc.","63 Orchard St just south of Grand, New York City, NY 10002-5414"
Church of Our Lady of Guadalupe,"328 W 14th St between Seventh and Eighth Avenues, in the Greenwich Village section of Manhattan in New York City., New York City, NY 10014-5002"
Ancient Playground,"85th Street right off of Fifth Avenue Just north of the Metropolitan Museum of Art, New York City, NY 10028"
Guardians Superhero Sculptures,"Three Bryant Park, New York City, NY"
Life Underground,"14th St and 8th Av Subway Station, New York City, NY"
The New York Mosque,"1711 3rd Ave, New York City, NY 10029-7303"
Ukrainian Museum,"222 E 6th St (Between 2nd and 3rd Avenues), New York City, NY 10003-8201"
Pier 34,"353 West St Hudson River Park, New York City, NY 10014-3674"
2120: An Art Experience at Portion Gallery,"2307 Broadway, New York City, NY 10024-4347"
Theodore Roosevelt Park,"200 Central Park W, New York City, NY 10024-5102"
Institute for the Study of the Ancient World,"15 E 84th St, New York City, NY 10028-0458"
Soldiers' and Sailors Monument New York,"171 Riverside Dr, New York City, NY 10024"
New York Society Library,"53 E 79th St, New York City, NY 10075-0290"
St. Jean Baptiste Roman Catholic Church,"184 E 76th St, New York City, NY 10021-2819"
Peace Fountain - Friedensbrunnen,"1047 Amsterdam Ave, New York City, NY 10025-1747"
City Cinema 123,"1001 3rd Ave Across from Bloomingdales between 59th and 60th, New York City, NY 10022-1207"
China Institute,"100 Washington St, New York City, NY 10006-1707"
De Witt Clinton Park,"West 52 Street and 11th Avenue, New York City, NY 10019"
Italian American Museum,"155 Mulberry St, New York City, NY 10013-4721"
National Academy of Design Museum,"1083 5th Ave, New York City, NY 10128-0114"
Christopher Columbus Statue,"West 59 St. South End of Mall, Columbus Circle, New York City, NY"
Alexander Hamilton Statue,"East Drive Opposite 83rd Street, New York City, NY"
Inwood Park," Payson Ave. &, Seaman Ave, New York, NY 10034"
Ralph Bunche Park,"1 Ave., E. 42 St. to E. 43 St., New York City, NY"
79th Street Boat Basin,"W 79th Street, New York City, NY 10024"
The Ansonia,"2109 Broadway, New York City, NY 10023-2138"
Skirball Center for the Performing Arts at NYU,"Washington Sq. Park South Kimmel Center for University Life, New York City, NY"
The Chanin Building,"122 E 42nd St, New York City, NY 10168-0002"
I Heart Radio Theater,"32 Avenue of the Americas, New York City, NY 10013-2473"
The Northern Dispensary,"165 Waverly Pl 2f, New York City, NY 10014-6837"
Church of the Holy Trinity,"88th Street, New York City, NY 10128"
Port Authority Bus Terminal," 625 8th Ave, Manhattan, NY 10109"
Castle Williams,"Governors Island New York Harbor, New York City, NY"
Sperone Westwater,"257 Bowery, New York City, NY 10002-1201"
The Broken Kilometer,"393 W Broadway, New York City, NY 10012-4359"
Foxwoods Theater,"214 W 43rd St, New York City, NY 10036-3912"
Logos Bookstore,"1575 York Ave Between East 83rd and 84th Streets, New York City, NY 10028-6006"
New York Grand Opera,"250 W 54th St, New York City, NY 10019-5515"
Canyon of Heroes,"Broadway, New York City, NY"
Grey Art Gallery NYU,"100 Washington Sq E, New York City, NY 10003-6688"
William Cullen Bryant Statue,"Near 42nd Street and Fifth Avenue Behind New York Public Library, New York City, NY 10017"
The Lowline Lab,"140 Essex St between Stanton and Rivington, New York City, NY 10002-2301"
Greater Zion Hill Baptist Church,"2365 Frederick Douglass Blvd, New York City, NY 10027-3628"
Giuseppe Garibaldi Statue,"Washington Square Park, New York City, NY"
Larry's Freewheeling,"301 Cathedral Pkwy New York, NY 10026, New York City, NY 10026"
